Training_ID,Kernel,Accuracy,Sensitivity,Specificity,AUC,TP,FP,TN,FN
1,linear,0.96875,0.9626556016597511,0.9748953974895398,0.9931557453736658,696,18,699,27
1,poly,0.95,0.9764868603042877,0.9232914923291492,0.9905139171011843,706,55,662,17
1,rbf,0.9701388888888889,0.9640387275242047,0.9762900976290098,0.994787718150971,697,17,700,26
2,linear,0.96875,0.9626556016597511,0.9748953974895398,0.9931499582361576,696,18,699,27
2,poly,0.95,0.9764868603042877,0.9232914923291492,0.9905312785137088,706,55,662,17
2,rbf,0.9701388888888889,0.9640387275242047,0.9762900976290098,0.9947491372342498,697,17,700,26
3,linear,0.96875,0.9626556016597511,0.9748953974895398,0.9932271200695999,696,18,699,27
3,poly,0.95,0.9764868603042877,0.9232914923291492,0.9905920434575445,706,55,662,17
3,rbf,0.9701388888888889,0.9640387275242047,0.9762900976290098,0.9946970529966762,697,17,700,26
4,linear,0.96875,0.9626556016597511,0.9748953974895398,0.9931210225486168,696,18,699,27
4,poly,0.95,0.9764868603042877,0.9232914923291492,0.9903721322322341,706,55,662,17
4,rbf,0.9701388888888889,0.9640387275242047,0.9762900976290098,0.9948089376551676,697,17,700,26
5,linear,0.96875,0.9626556016597511,0.9748953974895398,0.9931904681987147,696,18,699,27
5,poly,0.95,0.9764868603042877,0.9232914923291492,0.9903171544259064,706,55,662,17
5,rbf,0.9701388888888889,0.9640387275242047,0.9762900976290098,0.9947954343343152,697,17,700,26
6,linear,0.96875,0.9626556016597511,0.9748953974895398,0.9933062109488784,696,18,699,27
6,poly,0.95,0.9764868603042877,0.9232914923291492,0.9903586289113816,706,55,662,17
6,rbf,0.9701388888888889,0.9640387275242047,0.9762900976290098,0.994725988684217,697,17,700,26
7,linear,0.96875,0.9626556016597511,0.9748953974895398,0.993192397244551,696,18,699,27
7,poly,0.95,0.9764868603042877,0.9232914923291492,0.9905148816241023,706,55,662,17
7,rbf,0.9701388888888889,0.9640387275242047,0.9762900976290098,0.9946700463549716,697,17,700,26
8,linear,0.96875,0.9626556016597511,0.9748953974895398,0.9931769648778623,696,18,699,27
8,poly,0.95,0.9764868603042877,0.9232914923291492,0.990473407138627,706,55,662,17
8,rbf,0.9701388888888889,0.9640387275242047,0.9762900976290098,0.9948012214718235,697,17,700,26
9,linear,0.96875,0.9626556016597511,0.9748953974895398,0.9931634615570102,696,18,699,27
9,poly,0.95,0.9764868603042877,0.9232914923291492,0.990507165440758,706,55,662,17
9,rbf,0.9701388888888889,0.9640387275242047,0.9762900976290098,0.9947857891051348,697,17,700,26
10,linear,0.96875,0.9626556016597511,0.9748953974895398,0.9932425524362883,696,18,699,27
10,poly,0.95,0.9764868603042877,0.9232914923291492,0.9903817774614141,706,55,662,17
10,rbf,0.9701388888888889,0.9640387275242047,0.9762900976290098,0.99482244097602,697,17,700,26
11,linear,0.96875,0.9626556016597511,0.9748953974895398,0.9931113773194366,696,18,699,27
11,poly,0.95,0.9764868603042877,0.9232914923291492,0.9905090944865941,706,55,662,17
11,rbf,0.9701388888888889,0.9640387275242047,0.9762900976290098,0.9947742148301184,697,17,700,26
12,linear,0.96875,0.9626556016597511,0.9748953974895398,0.993129703254879,696,18,699,27
12,poly,0.95,0.9764868603042877,0.9232914923291492,0.9904261455156435,706,55,662,17
12,rbf,0.9701388888888889,0.9640387275242047,0.9762900976290098,0.9947915762426431,697,17,700,26
13,linear,0.96875,0.9626556016597511,0.9748953974895398,0.9931441710986495,696,18,699,27
13,poly,0.95,0.9764868603042877,0.9232914923291492,0.9902216666570214,706,55,662,17
13,rbf,0.9701388888888889,0.9640387275242047,0.9762900976290098,0.9947684276926103,697,17,700,26
14,linear,0.96875,0.9626556016597511,0.9748953974895398,0.9931538163278297,696,18,699,27
14,poly,0.95,0.9764868603042877,0.9232914923291492,0.9903451255905291,706,55,662,17
14,rbf,0.9701388888888889,0.9640387275242047,0.9762900976290098,0.9947259886842172,697,17,700,26
15,linear,0.96875,0.9626556016597511,0.9748953974895398,0.9932001134278952,696,18,699,27
15,poly,0.95,0.9764868603042877,0.9232914923291492,0.9905602142012496,706,55,662,17
15,rbf,0.9701388888888889,0.9640387275242047,0.9762900976290098,0.9948127957468398,697,17,700,26
16,linear,0.96875,0.9626556016597511,0.9748953974895398,0.9931557453736659,696,18,699,27
16,poly,0.95,0.9764868603042877,0.9232914923291492,0.990410713148955,706,55,662,17
16,rbf,0.9701388888888889,0.9640387275242047,0.9762900976290098,0.994716343455037,697,17,700,26
17,linear,0.96875,0.9626556016597511,0.9748953974895398,0.9931287387319611,696,18,699,27
17,poly,0.95,0.9764868603042877,0.9232914923291492,0.9904145712406273,706,55,662,17
17,rbf,0.9701388888888889,0.9640387275242047,0.9762900976290098,0.994689336813332,697,17,700,26
18,linear,0.96875,0.9626556016597511,0.9748953974895398,0.9931075192277644,696,18,699,27
18,poly,0.95,0.9764868603042877,0.9232914923291492,0.9904396488364959,706,55,662,17
18,rbf,0.9701388888888889,0.9640387275242047,0.9762900976290098,0.994683549675824,697,17,700,26
19,linear,0.96875,0.9626556016597511,0.9748953974895398,0.9931538163278297,696,18,699,27
19,poly,0.95,0.9764868603042877,0.9232914923291492,0.9905688949075118,706,55,662,17
19,rbf,0.9701388888888889,0.9640387275242047,0.9762900976290098,0.9947491372342497,697,17,700,26
20,linear,0.96875,0.9626556016597511,0.9748953974895398,0.993198184382059,696,18,699,27
20,poly,0.95,0.9764868603042877,0.9232914923291492,0.9901859793090544,706,55,662,17
20,rbf,0.9701388888888889,0.9640387275242047,0.9762900976290098,0.9948262990676922,697,17,700,26
21,linear,0.96875,0.9626556016597511,0.9748953974895398,0.9931499582361576,696,18,699,27
21,poly,0.95,0.9764868603042877,0.9232914923291492,0.9905283849449548,706,55,662,17
21,rbf,0.9701388888888889,0.9640387275242047,0.9762900976290098,0.9947337048675614,697,17,700,26
22,linear,0.96875,0.9626556016597511,0.9748953974895398,0.9931461001444856,696,18,699,27
22,poly,0.95,0.9764868603042877,0.9232914923291492,0.9904377197906599,706,55,662,17
22,rbf,0.9701388888888889,0.9640387275242047,0.9762900976290098,0.9947954343343153,697,17,700,26
23,linear,0.96875,0.9626556016597511,0.9748953974895398,0.9931133063652726,696,18,699,27
23,poly,0.95,0.9764868603042877,0.9232914923291492,0.9905264558991185,706,55,662,17
23,rbf,0.9701388888888889,0.9640387275242047,0.9762900976290098,0.9947703567384465,697,17,700,26
24,linear,0.96875,0.9626556016597511,0.9748953974895398,0.9932213329320919,696,18,699,27
24,poly,0.95,0.9764868603042877,0.9232914923291492,0.9905187397157744,706,55,662,17
24,rbf,0.9701388888888889,0.9640387275242047,0.9762900976290098,0.994756853417594,697,17,700,26
25,linear,0.96875,0.9626556016597511,0.9748953974895398,0.9931682841716003,696,18,699,27
25,poly,0.95,0.9764868603042877,0.9232914923291492,0.9904791942761351,706,55,662,17
25,rbf,0.9701388888888889,0.9640387275242047,0.9762900976290098,0.9947298467758893,697,17,700,26
26,linear,0.96875,0.9626556016597511,0.9748953974895398,0.9931026966131743,696,18,699,27
26,poly,0.95,0.9764868603042877,0.9232914923291492,0.9904656909552828,706,55,662,17
26,rbf,0.9701388888888889,0.9640387275242047,0.9762900976290098,0.9947491372342498,697,17,700,26
27,linear,0.96875,0.9626556016597511,0.9748953974895398,0.9931885391528787,696,18,699,27
27,poly,0.95,0.9764868603042877,0.9232914923291492,0.990472442615709,706,55,662,17
27,rbf,0.9701388888888889,0.9640387275242047,0.9762900976290098,0.9947375629592334,697,17,700,26
28,linear,0.96875,0.9626556016597511,0.9748953974895398,0.9932020424737312,696,18,699,27
28,poly,0.95,0.9764868603042877,0.9232914923291492,0.9906142274846592,706,55,662,17
28,rbf,0.9701388888888889,0.9640387275242047,0.9762900976290098,0.9946411106674307,697,17,700,26
29,linear,0.96875,0.9626556016597511,0.9748953974895398,0.9931210225486168,696,18,699,27
29,poly,0.95,0.9764868603042877,0.9232914923291492,0.9904869104594793,706,55,662,17
29,rbf,0.9701388888888889,0.9640387275242047,0.9762900976290098,0.9947549243717579,697,17,700,26
30,linear,0.96875,0.9626556016597511,0.9748953974895398,0.9931422420528135,696,18,699,27
30,poly,0.95,0.9764868603042877,0.9232914923291492,0.9904367552677418,706,55,662,17
30,rbf,0.9701388888888889,0.9640387275242047,0.9762900976290098,0.9947337048675613,697,17,700,26
31,linear,0.96875,0.9626556016597511,0.9748953974895398,0.9931904681987149,696,18,699,27
31,poly,0.95,0.9764868603042877,0.9232914923291492,0.9905631077700037,706,55,662,17
31,rbf,0.9701388888888889,0.9640387275242047,0.9762900976290098,0.9947645696009382,697,17,700,26
32,linear,0.96875,0.9626556016597511,0.9748953974895398,0.9932020424737313,696,18,699,27
32,poly,0.95,0.9764868603042877,0.9232914923291492,0.9904627973865285,706,55,662,17
32,rbf,0.9701388888888889,0.9640387275242047,0.9762900976290098,0.9947857891051349,697,17,700,26
33,linear,0.96875,0.9626556016597511,0.9748953974895398,0.9931769648778623,696,18,699,27
33,poly,0.95,0.9764868603042877,0.9232914923291492,0.9905553915866594,706,55,662,17
33,rbf,0.9701388888888889,0.9640387275242047,0.9762900976290098,0.9947240596383811,697,17,700,26
34,linear,0.96875,0.9626556016597511,0.9748953974895398,0.993161532511174,696,18,699,27
34,poly,0.95,0.9764868603042877,0.9232914923291492,0.9902554249591524,706,55,662,17
34,rbf,0.9701388888888889,0.9640387275242047,0.9762900976290098,0.9948031505176596,697,17,700,26
35,linear,0.96875,0.9626556016597511,0.9748953974895398,0.9931538163278297,696,18,699,27
35,poly,0.95,0.9764868603042877,0.9232914923291492,0.9905804691825282,706,55,662,17
35,rbf,0.9701388888888889,0.9640387275242047,0.9762900976290098,0.9947626405551022,697,17,700,26
36,linear,0.96875,0.9626556016597511,0.9748953974895398,0.9931653906028461,696,18,699,27
36,poly,0.95,0.9764868603042877,0.9232914923291492,0.9903644160488897,706,55,662,17
36,rbf,0.9701388888888889,0.9640387275242047,0.9762900976290098,0.9947973633801513,697,17,700,26
37,linear,0.96875,0.9626556016597511,0.9748953974895398,0.9931345258694693,696,18,699,27
37,poly,0.95,0.9764868603042877,0.9232914923291492,0.9905486399262332,706,55,662,17
37,rbf,0.9701388888888889,0.9640387275242047,0.9762900976290098,0.9947664986467744,697,17,700,26
38,linear,0.96875,0.9626556016597511,0.9748953974895398,0.993229049115436,696,18,699,27
38,poly,0.95,0.9764868603042877,0.9232914923291492,0.9904888395053155,706,55,662,17
38,rbf,0.9701388888888889,0.9640387275242047,0.9762900976290098,0.9947549243717579,697,17,700,26
39,linear,0.96875,0.9626556016597511,0.9748953974895398,0.9932020424737312,696,18,699,27
39,poly,0.95,0.9764868603042877,0.9232914923291492,0.9904878749823973,706,55,662,17
39,rbf,0.9701388888888889,0.9640387275242047,0.9762900976290098,0.9947144144092007,697,17,700,26
40,linear,0.96875,0.9626556016597511,0.9748953974895398,0.9931007675673382,696,18,699,27
40,poly,0.95,0.9764868603042877,0.9232914923291492,0.9904232519468894,706,55,662,17
40,rbf,0.9701388888888889,0.9640387275242047,0.9762900976290098,0.9947819310134627,697,17,700,26
41,linear,0.96875,0.9626556016597511,0.9748953974895398,0.9931509227590758,696,18,699,27
41,poly,0.95,0.9764868603042877,0.9232914923291492,0.9905669658616758,706,55,662,17
41,rbf,0.9701388888888889,0.9640387275242047,0.9762900976290098,0.9948031505176594,697,17,700,26
42,linear,0.96875,0.9626556016597511,0.9748953974895398,0.993134525869469,696,18,699,27
42,poly,0.95,0.9764868603042877,0.9232914923291492,0.9903837065072503,706,55,662,17
42,rbf,0.9701388888888889,0.9640387275242047,0.9762900976290098,0.9947587824634301,697,17,700,26
43,linear,0.96875,0.9626556016597511,0.9748953974895398,0.9931576744195019,696,18,699,27
43,poly,0.95,0.9764868603042877,0.9232914923291492,0.9904608683406926,706,55,662,17
43,rbf,0.9701388888888889,0.9640387275242047,0.9762900976290098,0.9947626405551022,697,17,700,26
44,linear,0.96875,0.9626556016597511,0.9748953974895398,0.9931325968236331,696,18,699,27
44,poly,0.95,0.9764868603042877,0.9232914923291492,0.9903692386634799,706,55,662,17
44,rbf,0.9701388888888889,0.9640387275242047,0.9762900976290098,0.9946565430341191,697,17,700,26
45,linear,0.96875,0.9626556016597511,0.9748953974895398,0.9932194038862556,696,18,699,27
45,poly,0.95,0.9764868603042877,0.9232914923291492,0.9904666554782008,706,55,662,17
45,rbf,0.9701388888888889,0.9640387275242047,0.9762900976290098,0.9947819310134628,697,17,700,26
46,linear,0.96875,0.9626556016597511,0.9748953974895398,0.9931788939236985,696,18,699,27
46,poly,0.95,0.9764868603042877,0.9232914923291492,0.9904300036073156,706,55,662,17
46,rbf,0.9701388888888889,0.9640387275242047,0.9762900976290098,0.9947028401341843,697,17,700,26
47,linear,0.96875,0.9626556016597511,0.9748953974895398,0.9931808229695346,696,18,699,27
47,poly,0.95,0.9764868603042877,0.9232914923291492,0.9902872542154474,706,55,662,17
47,rbf,0.9701388888888889,0.9640387275242047,0.9762900976290098,0.9947105563175287,697,17,700,26
48,linear,0.96875,0.9626556016597511,0.9748953974895398,0.9932194038862557,696,18,699,27
48,poly,0.95,0.9764868603042877,0.9232914923291492,0.9905158461470203,706,55,662,17
48,rbf,0.9701388888888889,0.9640387275242047,0.9762900976290098,0.9946951239508403,697,17,700,26
49,linear,0.96875,0.9626556016597511,0.9748953974895398,0.9931383839611414,696,18,699,27
49,poly,0.95,0.9764868603042877,0.9232914923291492,0.9904444714510862,706,55,662,17
49,rbf,0.9701388888888889,0.9640387275242047,0.9762900976290098,0.9947664986467744,697,17,700,26
50,linear,0.96875,0.9626556016597511,0.9748953974895398,0.9931846810612068,696,18,699,27
50,poly,0.95,0.9764868603042877,0.9232914923291492,0.9904656909552827,706,55,662,17
50,rbf,0.9701388888888889,0.9640387275242047,0.9762900976290098,0.9948070086093317,697,17,700,26
51,linear,0.96875,0.9626556016597511,0.9748953974895398,0.9932059005654033,696,18,699,27
51,poly,0.95,0.9764868603042877,0.9232914923291492,0.9904386843135781,706,55,662,17
51,rbf,0.9701388888888889,0.9640387275242047,0.9762900976290098,0.9947472081884139,697,17,700,26
52,linear,0.96875,0.9626556016597511,0.9748953974895398,0.9932001134278952,696,18,699,27
52,poly,0.95,0.9764868603042877,0.9232914923291492,0.9905582851554136,706,55,662,17
52,rbf,0.9701388888888889,0.9640387275242047,0.9762900976290098,0.9947394920050696,697,17,700,26
53,linear,0.96875,0.9626556016597511,0.9748953974895398,0.9932136167487474,696,18,699,27
53,poly,0.95,0.9764868603042877,0.9232914923291492,0.9904029969656108,706,55,662,17
53,rbf,0.9701388888888889,0.9640387275242047,0.9762900976290098,0.9947124853633647,697,17,700,26
54,linear,0.96875,0.9626556016597511,0.9748953974895398,0.9930978739985842,696,18,699,27
54,poly,0.95,0.9764868603042877,0.9232914923291492,0.9903258351321684,706,55,662,17
54,rbf,0.9701388888888889,0.9640387275242047,0.9762900976290098,0.9946970529966763,697,17,700,26
55,linear,0.96875,0.9626556016597511,0.9748953974895398,0.9932290491154359,696,18,699,27
55,poly,0.95,0.9764868603042877,0.9232914923291492,0.9903605579572176,706,55,662,17
55,rbf,0.9701388888888889,0.9640387275242047,0.9762900976290098,0.9947954343343153,697,17,700,26
56,linear,0.96875,0.9626556016597511,0.9748953974895398,0.9931383839611413,696,18,699,27
56,poly,0.95,0.9764868603042877,0.9232914923291492,0.990406855057283,706,55,662,17
56,rbf,0.9701388888888889,0.9640387275242047,0.9762900976290098,0.9947877181509709,697,17,700,26
57,linear,0.96875,0.9626556016597511,0.9748953974895398,0.9932251910237639,696,18,699,27
57,poly,0.95,0.9764868603042877,0.9232914923291492,0.9904319326531517,706,55,662,17
57,rbf,0.9701388888888889,0.9640387275242047,0.9762900976290098,0.9947722857842825,697,17,700,26
58,linear,0.96875,0.9626556016597511,0.9748953974895398,0.9931403130069774,696,18,699,27
58,poly,0.95,0.9764868603042877,0.9232914923291492,0.9905361011282989,706,55,662,17
58,rbf,0.9701388888888889,0.9640387275242047,0.9762900976290098,0.9947259886842172,697,17,700,26
59,linear,0.96875,0.9626556016597511,0.9748953974895398,0.9931441710986495,696,18,699,27
59,poly,0.95,0.9764868603042877,0.9232914923291492,0.990438684313578,706,55,662,17
59,rbf,0.9701388888888889,0.9640387275242047,0.9762900976290098,0.9947973633801512,697,17,700,26
60,linear,0.96875,0.9626556016597511,0.9748953974895398,0.9931518872819938,696,18,699,27
60,poly,0.95,0.9764868603042877,0.9232914923291492,0.9905843272742003,706,55,662,17
60,rbf,0.9701388888888889,0.9640387275242047,0.9762900976290098,0.9946661882632993,697,17,700,26
61,linear,0.96875,0.9626556016597511,0.9748953974895398,0.993126809686125,696,18,699,27
61,poly,0.95,0.9764868603042877,0.9232914923291492,0.9905245268532825,706,55,662,17
61,rbf,0.9701388888888889,0.9640387275242047,0.9762900976290098,0.9947664986467744,697,17,700,26
62,linear,0.96875,0.9626556016597511,0.9748953974895398,0.9932521976654687,696,18,699,27
62,poly,0.95,0.9764868603042877,0.9232914923291492,0.9904859459365614,706,55,662,17
62,rbf,0.9701388888888889,0.9640387275242047,0.9762900976290098,0.9947105563175287,697,17,700,26
63,linear,0.96875,0.9626556016597511,0.9748953974895398,0.9931653906028461,696,18,699,27
63,poly,0.95,0.9764868603042877,0.9232914923291492,0.9904936621199054,706,55,662,17
63,rbf,0.9701388888888889,0.9640387275242047,0.9762900976290098,0.9947800019676267,697,17,700,26
64,linear,0.96875,0.9626556016597511,0.9748953974895398,0.9932001134278953,696,18,699,27
64,poly,0.95,0.9764868603042877,0.9232914923291492,0.9904492940656762,706,55,662,17
64,rbf,0.9701388888888889,0.9640387275242047,0.9762900976290098,0.994724059638381,697,17,700,26
65,linear,0.96875,0.9626556016597511,0.9748953974895398,0.9930805125860596,696,18,699,27
65,poly,0.95,0.9764868603042877,0.9232914923291492,0.9904946266428235,706,55,662,17
65,rbf,0.9701388888888889,0.9640387275242047,0.9762900976290098,0.9946989820425123,697,17,700,26
66,linear,0.96875,0.9626556016597511,0.9748953974895398,0.9931692486945182,696,18,699,27
66,poly,0.95,0.9764868603042877,0.9232914923291492,0.9904087841031188,706,55,662,17
66,rbf,0.9701388888888889,0.9640387275242047,0.9762900976290098,0.9947703567384465,697,17,700,26
67,linear,0.96875,0.9626556016597511,0.9748953974895398,0.9930862997235677,696,18,699,27
67,poly,0.95,0.9764868603042877,0.9232914923291492,0.9902988284904637,706,55,662,17
67,rbf,0.9701388888888889,0.9640387275242047,0.9762900976290098,0.9947973633801513,697,17,700,26
68,linear,0.96875,0.9626556016597511,0.9748953974895398,0.9931171644569445,696,18,699,27
68,poly,0.95,0.9764868603042877,0.9232914923291492,0.9904859459365614,706,55,662,17
68,rbf,0.9701388888888889,0.9640387275242047,0.9762900976290098,0.9947626405551021,697,17,700,26
69,linear,0.96875,0.9626556016597511,0.9748953974895398,0.993165390602846,696,18,699,27
69,poly,0.95,0.9764868603042877,0.9232914923291492,0.9903171544259064,706,55,662,17
69,rbf,0.9701388888888889,0.9640387275242047,0.9762900976290098,0.9947973633801513,697,17,700,26
70,linear,0.96875,0.9626556016597511,0.9748953974895398,0.9931885391528787,696,18,699,27
70,poly,0.95,0.9764868603042877,0.9232914923291492,0.9905515334949875,706,55,662,17
70,rbf,0.9701388888888889,0.9640387275242047,0.9762900976290098,0.9947587824634302,697,17,700,26
71,linear,0.96875,0.9626556016597511,0.9748953974895398,0.9931461001444856,696,18,699,27
71,poly,0.95,0.9764868603042877,0.9232914923291492,0.9904222874239714,706,55,662,17
71,rbf,0.9701388888888889,0.9640387275242047,0.9762900976290098,0.9947202015467089,697,17,700,26
72,linear,0.96875,0.9626556016597511,0.9748953974895398,0.9931866101070427,696,18,699,27
72,poly,0.95,0.9764868603042877,0.9232914923291492,0.9905833627512823,706,55,662,17
72,rbf,0.9701388888888889,0.9640387275242047,0.9762900976290098,0.9948166538385119,697,17,700,26
73,linear,0.96875,0.9626556016597511,0.9748953974895398,0.9932039715195673,696,18,699,27
73,poly,0.95,0.9764868603042877,0.9232914923291492,0.9904271100385618,706,55,662,17
73,rbf,0.9701388888888889,0.9640387275242047,0.9762900976290098,0.9947202015467089,697,17,700,26
74,linear,0.96875,0.9626556016597511,0.9748953974895398,0.9931383839611413,696,18,699,27
74,poly,0.95,0.9764868603042877,0.9232914923291492,0.9904570102490204,706,55,662,17
74,rbf,0.9701388888888889,0.9640387275242047,0.9762900976290098,0.9947780729217907,697,17,700,26
75,linear,0.96875,0.9626556016597511,0.9748953974895398,0.993161532511174,696,18,699,27
75,poly,0.95,0.9764868603042877,0.9232914923291492,0.9903952807822667,706,55,662,17
75,rbf,0.9701388888888889,0.9640387275242047,0.9762900976290098,0.9947472081884137,697,17,700,26
76,linear,0.96875,0.9626556016597511,0.9748953974895398,0.993196255336223,696,18,699,27
76,poly,0.95,0.9764868603042877,0.9232914923291492,0.9904936621199054,706,55,662,17
76,rbf,0.9701388888888889,0.9640387275242047,0.9762900976290098,0.9946816206299878,697,17,700,26
77,linear,0.96875,0.9626556016597511,0.9748953974895398,0.9931885391528789,696,18,699,27
77,poly,0.95,0.9764868603042877,0.9232914923291492,0.9905013783032499,706,55,662,17
77,rbf,0.9701388888888889,0.9640387275242047,0.9762900976290098,0.9947935052884791,697,17,700,26
78,linear,0.96875,0.9626556016597511,0.9748953974895398,0.9931692486945183,696,18,699,27
78,poly,0.95,0.9764868603042877,0.9232914923291492,0.9904984847344956,706,55,662,17
78,rbf,0.9701388888888889,0.9640387275242047,0.9762900976290098,0.9947664986467744,697,17,700,26
79,linear,0.96875,0.9626556016597511,0.9748953974895398,0.9931518872819936,696,18,699,27
79,poly,0.95,0.9764868603042877,0.9232914923291492,0.990439648836496,706,55,662,17
79,rbf,0.9701388888888889,0.9640387275242047,0.9762900976290098,0.9947684276926103,697,17,700,26
80,linear,0.96875,0.9626556016597511,0.9748953974895398,0.9932020424737311,696,18,699,27
80,poly,0.95,0.9764868603042877,0.9232914923291492,0.9904126421947912,706,55,662,17
80,rbf,0.9701388888888889,0.9640387275242047,0.9762900976290098,0.9946719754008075,697,17,700,26
81,linear,0.96875,0.9626556016597511,0.9748953974895398,0.9931596034653379,696,18,699,27
81,poly,0.95,0.9764868603042877,0.9232914923291492,0.9905592496783315,706,55,662,17
81,rbf,0.9701388888888889,0.9640387275242047,0.9762900976290098,0.9947028401341844,697,17,700,26
82,linear,0.96875,0.9626556016597511,0.9748953974895398,0.9931692486945182,696,18,699,27
82,poly,0.95,0.9764868603042877,0.9232914923291492,0.9905254913762007,706,55,662,17
82,rbf,0.9701388888888889,0.9640387275242047,0.9762900976290098,0.9947780729217907,697,17,700,26
83,linear,0.96875,0.9626556016597511,0.9748953974895398,0.9931383839611413,696,18,699,27
83,poly,0.95,0.9764868603042877,0.9232914923291492,0.9905004137803318,706,55,662,17
83,rbf,0.9701388888888889,0.9640387275242047,0.9762900976290098,0.9948050795634955,697,17,700,26
84,linear,0.96875,0.9626556016597511,0.9748953974895398,0.993167319648682,696,18,699,27
84,poly,0.95,0.9764868603042877,0.9232914923291492,0.9904203583781352,706,55,662,17
84,rbf,0.9701388888888889,0.9640387275242047,0.9762900976290098,0.9947664986467744,697,17,700,26
85,linear,0.96875,0.9626556016597511,0.9748953974895398,0.9931461001444855,696,18,699,27
85,poly,0.95,0.9764868603042877,0.9232914923291492,0.9903267996550865,706,55,662,17
85,rbf,0.9701388888888889,0.9640387275242047,0.9762900976290098,0.9948031505176594,697,17,700,26
86,linear,0.96875,0.9626556016597511,0.9748953974895398,0.9931383839611413,696,18,699,27
86,poly,0.95,0.9764868603042877,0.9232914923291492,0.9903914226905945,706,55,662,17
86,rbf,0.9701388888888889,0.9640387275242047,0.9762900976290098,0.9946989820425123,697,17,700,26
87,linear,0.96875,0.9626556016597511,0.9748953974895398,0.9931750358320265,696,18,699,27
87,poly,0.95,0.9764868603042877,0.9232914923291492,0.9905110235324301,706,55,662,17
87,rbf,0.9701388888888889,0.9640387275242047,0.9762900976290098,0.9947510662800859,697,17,700,26
88,linear,0.96875,0.9626556016597511,0.9748953974895398,0.9932078296112394,696,18,699,27
88,poly,0.95,0.9764868603042877,0.9232914923291492,0.9904936621199054,706,55,662,17
88,rbf,0.9701388888888889,0.9640387275242047,0.9762900976290098,0.9947279177300532,697,17,700,26
89,linear,0.96875,0.9626556016597511,0.9748953974895398,0.9931788939236985,696,18,699,27
89,poly,0.95,0.9764868603042877,0.9232914923291492,0.9904087841031189,706,55,662,17
89,rbf,0.9701388888888889,0.9640387275242047,0.9762900976290098,0.9947992924259872,697,17,700,26
90,linear,0.96875,0.9626556016597511,0.9748953974895398,0.9931904681987149,696,18,699,27
90,poly,0.95,0.9764868603042877,0.9232914923291492,0.9904444714510862,706,55,662,17
90,rbf,0.9701388888888889,0.9640387275242047,0.9762900976290098,0.9947028401341844,697,17,700,26
91,linear,0.96875,0.9626556016597511,0.9748953974895398,0.9931190935027807,696,18,699,27
91,poly,0.95,0.9764868603042877,0.9232914923291492,0.990472442615709,706,55,662,17
91,rbf,0.9701388888888889,0.9640387275242047,0.9762900976290098,0.994785789105135,697,17,700,26
92,linear,0.96875,0.9626556016597511,0.9748953974895398,0.9931808229695347,696,18,699,27
92,poly,0.95,0.9764868603042877,0.9232914923291492,0.990441577882332,706,55,662,17
92,rbf,0.9701388888888889,0.9640387275242047,0.9762900976290098,0.9947066982258566,697,17,700,26
93,linear,0.96875,0.9626556016597511,0.9748953974895398,0.9932001134278952,696,18,699,27
93,poly,0.95,0.9764868603042877,0.9232914923291492,0.9904627973865288,706,55,662,17
93,rbf,0.9701388888888889,0.9640387275242047,0.9762900976290098,0.9948089376551676,697,17,700,26
94,linear,0.96875,0.9626556016597511,0.9748953974895398,0.9932155457945836,696,18,699,27
94,poly,0.95,0.9764868603042877,0.9232914923291492,0.9903345158384308,706,55,662,17
94,rbf,0.9701388888888889,0.9640387275242047,0.9762900976290098,0.9947684276926103,697,17,700,26
95,linear,0.96875,0.9626556016597511,0.9748953974895398,0.9931441710986495,696,18,699,27
95,poly,0.95,0.9764868603042877,0.9232914923291492,0.9904695490469548,706,55,662,17
95,rbf,0.9701388888888889,0.9640387275242047,0.9762900976290098,0.9946758334924797,697,17,700,26
96,linear,0.96875,0.9626556016597511,0.9748953974895398,0.9931673196486821,696,18,699,27
96,poly,0.95,0.9764868603042877,0.9232914923291492,0.9904782297532171,706,55,662,17
96,rbf,0.9701388888888889,0.9640387275242047,0.9762900976290098,0.9948147247926757,697,17,700,26
97,linear,0.96875,0.9626556016597511,0.9748953974895398,0.9931653906028461,696,18,699,27
97,poly,0.95,0.9764868603042877,0.9232914923291492,0.9904444714510862,706,55,662,17
97,rbf,0.9701388888888889,0.9640387275242047,0.9762900976290098,0.9947433500967416,697,17,700,26
98,linear,0.96875,0.9626556016597511,0.9748953974895398,0.9932348362529442,696,18,699,27
98,poly,0.95,0.9764868603042877,0.9232914923291492,0.9904232519468895,706,55,662,17
98,rbf,0.9701388888888889,0.9640387275242047,0.9762900976290098,0.9947414210509056,697,17,700,26
99,linear,0.96875,0.9626556016597511,0.9748953974895398,0.9932097586570754,696,18,699,27
99,poly,0.95,0.9764868603042877,0.9232914923291492,0.9905148816241022,706,55,662,17
99,rbf,0.9701388888888889,0.9640387275242047,0.9762900976290098,0.9947568534175941,697,17,700,26
100,linear,0.96875,0.9626556016597511,0.9748953974895398,0.9931461001444855,696,18,699,27
100,poly,0.95,0.9764868603042877,0.9232914923291492,0.990438684313578,706,55,662,17
100,rbf,0.9701388888888889,0.9640387275242047,0.9762900976290098,0.9947124853633647,697,17,700,26
101,linear,0.96875,0.9626556016597511,0.9748953974895398,0.9931229515944529,696,18,699,27
101,poly,0.95,0.9764868603042877,0.9232914923291492,0.9904830523678072,706,55,662,17
101,rbf,0.9701388888888889,0.9640387275242047,0.9762900976290098,0.9947240596383811,697,17,700,26
102,linear,0.96875,0.9626556016597511,0.9748953974895398,0.9932792043071735,696,18,699,27
102,poly,0.95,0.9764868603042877,0.9232914923291492,0.9903316222696767,706,55,662,17
102,rbf,0.9701388888888889,0.9640387275242047,0.9762900976290098,0.9948031505176594,697,17,700,26
103,linear,0.96875,0.9626556016597511,0.9748953974895398,0.9931846810612068,696,18,699,27
103,poly,0.95,0.9764868603042877,0.9232914923291492,0.9904898040282335,706,55,662,17
103,rbf,0.9701388888888889,0.9640387275242047,0.9762900976290098,0.9947626405551023,697,17,700,26
104,linear,0.96875,0.9626556016597511,0.9748953974895398,0.9931731067861904,696,18,699,27
104,poly,0.95,0.9764868603042877,0.9232914923291492,0.9904994492574137,706,55,662,17
104,rbf,0.9701388888888889,0.9640387275242047,0.9762900976290098,0.9946989820425125,697,17,700,26
105,linear,0.96875,0.9626556016597511,0.9748953974895398,0.99316346155701,696,18,699,27
105,poly,0.95,0.9764868603042877,0.9232914923291492,0.9903460901134472,706,55,662,17
105,rbf,0.9701388888888889,0.9640387275242047,0.9762900976290098,0.9947240596383811,697,17,700,26
106,linear,0.96875,0.9626556016597511,0.9748953974895398,0.9931383839611412,696,18,699,27
106,poly,0.95,0.9764868603042877,0.9232914923291492,0.9904820878448893,706,55,662,17
106,rbf,0.9701388888888889,0.9640387275242047,0.9762900976290098,0.9947202015467088,697,17,700,26
107,linear,0.96875,0.9626556016597511,0.9748953974895398,0.993093051383994,696,18,699,27
107,poly,0.95,0.9764868603042877,0.9232914923291492,0.9904685845240369,706,55,662,17
107,rbf,0.9701388888888889,0.9640387275242047,0.9762900976290098,0.9947144144092008,697,17,700,26
108,linear,0.96875,0.9626556016597511,0.9748953974895398,0.9932560557571409,696,18,699,27
108,poly,0.95,0.9764868603042877,0.9232914923291492,0.9904550812031844,706,55,662,17
108,rbf,0.9701388888888889,0.9640387275242047,0.9762900976290098,0.9947645696009383,697,17,700,26
109,linear,0.96875,0.9626556016597511,0.9748953974895398,0.9932078296112394,696,18,699,27
109,poly,0.95,0.9764868603042877,0.9232914923291492,0.9903615224801356,706,55,662,17
109,rbf,0.9701388888888889,0.9640387275242047,0.9762900976290098,0.9947452791425777,697,17,700,26
110,linear,0.96875,0.9626556016597511,0.9748953974895398,0.9932136167487475,696,18,699,27
110,poly,0.95,0.9764868603042877,0.9232914923291492,0.9903894936447584,706,55,662,17
110,rbf,0.9701388888888889,0.9640387275242047,0.9762900976290098,0.9946739044466436,697,17,700,26
111,linear,0.96875,0.9626556016597511,0.9748953974895398,0.9931634615570101,696,18,699,27
111,poly,0.95,0.9764868603042877,0.9232914923291492,0.9904791942761353,706,55,662,17
111,rbf,0.9701388888888889,0.9640387275242047,0.9762900976290098,0.9947935052884791,697,17,700,26
112,linear,0.96875,0.9626556016597511,0.9748953974895398,0.9931769648778626,696,18,699,27
112,poly,0.95,0.9764868603042877,0.9232914923291492,0.9904367552677418,706,55,662,17
112,rbf,0.9701388888888889,0.9640387275242047,0.9762900976290098,0.9947356339133975,697,17,700,26
113,linear,0.96875,0.9626556016597511,0.9748953974895398,0.9932541267113049,696,18,699,27
113,poly,0.95,0.9764868603042877,0.9232914923291492,0.9905197042386924,706,55,662,17
113,rbf,0.9701388888888889,0.9640387275242047,0.9762900976290098,0.9947356339133974,697,17,700,26
114,linear,0.96875,0.9626556016597511,0.9748953974895398,0.9932039715195674,696,18,699,27
114,poly,0.95,0.9764868603042877,0.9232914923291492,0.9905553915866594,706,55,662,17
114,rbf,0.9701388888888889,0.9640387275242047,0.9762900976290098,0.9947664986467744,697,17,700,26
115,linear,0.96875,0.9626556016597511,0.9748953974895398,0.9931538163278298,696,18,699,27
115,poly,0.95,0.9764868603042877,0.9232914923291492,0.9904589392948564,706,55,662,17
115,rbf,0.9701388888888889,0.9640387275242047,0.9762900976290098,0.9947664986467744,697,17,700,26
116,linear,0.96875,0.9626556016597511,0.9748953974895398,0.9932290491154361,696,18,699,27
116,poly,0.95,0.9764868603042877,0.9232914923291492,0.9905197042386924,706,55,662,17
116,rbf,0.9701388888888889,0.9640387275242047,0.9762900976290098,0.9948185828843479,697,17,700,26
117,linear,0.96875,0.9626556016597511,0.9748953974895398,0.9932271200696,696,18,699,27
117,poly,0.95,0.9764868603042877,0.9232914923291492,0.9904579747719386,706,55,662,17
117,rbf,0.9701388888888889,0.9640387275242047,0.9762900976290098,0.994725988684217,697,17,700,26
118,linear,0.96875,0.9626556016597511,0.9748953974895398,0.9931461001444855,696,18,699,27
118,poly,0.95,0.9764868603042877,0.9232914923291492,0.9903885291218404,706,55,662,17
118,rbf,0.9701388888888889,0.9640387275242047,0.9762900976290098,0.9947684276926103,697,17,700,26
119,linear,0.96875,0.9626556016597511,0.9748953974895398,0.9931345258694692,696,18,699,27
119,poly,0.95,0.9764868603042877,0.9232914923291492,0.9903489836822013,706,55,662,17
119,rbf,0.9701388888888889,0.9640387275242047,0.9762900976290098,0.9947684276926104,697,17,700,26
120,linear,0.96875,0.9626556016597511,0.9748953974895398,0.9931846810612067,696,18,699,27
120,poly,0.95,0.9764868603042877,0.9232914923291492,0.9903615224801356,706,55,662,17
120,rbf,0.9701388888888889,0.9640387275242047,0.9762900976290098,0.9947510662800858,697,17,700,26
121,linear,0.96875,0.9626556016597511,0.9748953974895398,0.9931981843820591,696,18,699,27
121,poly,0.95,0.9764868603042877,0.9232914923291492,0.990641234126364,706,55,662,17
121,rbf,0.9701388888888889,0.9640387275242047,0.9762900976290098,0.9947472081884138,697,17,700,26
122,linear,0.96875,0.9626556016597511,0.9748953974895398,0.9932039715195673,696,18,699,27
122,poly,0.95,0.9764868603042877,0.9232914923291492,0.990480158799053,706,55,662,17
122,rbf,0.9701388888888889,0.9640387275242047,0.9762900976290098,0.9947066982258566,697,17,700,26
123,linear,0.96875,0.9626556016597511,0.9748953974895398,0.9932078296112394,696,18,699,27
123,poly,0.95,0.9764868603042877,0.9232914923291492,0.9905216332845285,706,55,662,17
123,rbf,0.9701388888888889,0.9640387275242047,0.9762900976290098,0.9947259886842171,697,17,700,26
124,linear,0.96875,0.9626556016597511,0.9748953974895398,0.9932290491154361,696,18,699,27
124,poly,0.95,0.9764868603042877,0.9232914923291492,0.990507165440758,706,55,662,17
124,rbf,0.9701388888888889,0.9640387275242047,0.9762900976290098,0.9947394920050696,697,17,700,26
125,linear,0.96875,0.9626556016597511,0.9748953974895398,0.9932097586570754,696,18,699,27
125,poly,0.95,0.9764868603042877,0.9232914923291492,0.9902409571153821,706,55,662,17
125,rbf,0.9701388888888889,0.9640387275242047,0.9762900976290098,0.9947915762426431,697,17,700,26
126,linear,0.96875,0.9626556016597511,0.9748953974895398,0.9931248806402889,696,18,699,27
126,poly,0.95,0.9764868603042877,0.9232914923291492,0.9905428527887251,706,55,662,17
126,rbf,0.9701388888888889,0.9640387275242047,0.9762900976290098,0.9947394920050696,697,17,700,26
127,linear,0.96875,0.9626556016597511,0.9748953974895398,0.9931403130069774,696,18,699,27
127,poly,0.95,0.9764868603042877,0.9232914923291492,0.9905245268532824,706,55,662,17
127,rbf,0.9701388888888889,0.9640387275242047,0.9762900976290098,0.9948070086093316,697,17,700,26
128,linear,0.96875,0.9626556016597511,0.9748953974895398,0.9932039715195674,696,18,699,27
128,poly,0.95,0.9764868603042877,0.9232914923291492,0.9905409237428889,706,55,662,17
128,rbf,0.9701388888888889,0.9640387275242047,0.9762900976290098,0.994725988684217,697,17,700,26
129,linear,0.96875,0.9626556016597511,0.9748953974895398,0.9931152354111086,696,18,699,27
129,poly,0.95,0.9764868603042877,0.9232914923291492,0.990507165440758,706,55,662,17
129,rbf,0.9701388888888889,0.9640387275242047,0.9762900976290098,0.9947607115092663,697,17,700,26
130,linear,0.96875,0.9626556016597511,0.9748953974895398,0.9931480291903216,696,18,699,27
130,poly,0.95,0.9764868603042877,0.9232914923291492,0.9904994492574137,706,55,662,17
130,rbf,0.9701388888888889,0.9640387275242047,0.9762900976290098,0.9947800019676267,697,17,700,26
131,linear,0.96875,0.9626556016597511,0.9748953974895398,0.99316346155701,696,18,699,27
131,poly,0.95,0.9764868603042877,0.9232914923291492,0.9905033073490859,706,55,662,17
131,rbf,0.9701388888888889,0.9640387275242047,0.9762900976290098,0.9946816206299879,697,17,700,26
132,linear,0.96875,0.9626556016597511,0.9748953974895398,0.9931441710986495,696,18,699,27
132,poly,0.95,0.9764868603042877,0.9232914923291492,0.9903894936447585,706,55,662,17
132,rbf,0.9701388888888889,0.9640387275242047,0.9762900976290098,0.9947722857842827,697,17,700,26
133,linear,0.96875,0.9626556016597511,0.9748953974895398,0.9931441710986495,696,18,699,27
133,poly,0.95,0.9764868603042877,0.9232914923291492,0.9903837065072504,706,55,662,17
133,rbf,0.9701388888888889,0.9640387275242047,0.9762900976290098,0.9947742148301186,697,17,700,26
134,linear,0.96875,0.9626556016597511,0.9748953974895398,0.9932174748404197,696,18,699,27
134,poly,0.95,0.9764868603042877,0.9232914923291492,0.9904685845240369,706,55,662,17
134,rbf,0.9701388888888889,0.9640387275242047,0.9762900976290098,0.9947645696009383,697,17,700,26
135,linear,0.96875,0.9626556016597511,0.9748953974895398,0.9931750358320263,696,18,699,27
135,poly,0.95,0.9764868603042877,0.9232914923291492,0.9904926975969875,706,55,662,17
135,rbf,0.9701388888888889,0.9640387275242047,0.9762900976290098,0.994725988684217,697,17,700,26
136,linear,0.96875,0.9626556016597511,0.9748953974895398,0.9931364549153051,696,18,699,27
136,poly,0.95,0.9764868603042877,0.9232914923291492,0.9904618328636108,706,55,662,17
136,rbf,0.9701388888888889,0.9640387275242047,0.9762900976290098,0.9947529953259219,697,17,700,26
137,linear,0.96875,0.9626556016597511,0.9748953974895398,0.9931692486945183,696,18,699,27
137,poly,0.95,0.9764868603042877,0.9232914923291492,0.9905206687616104,706,55,662,17
137,rbf,0.9701388888888889,0.9640387275242047,0.9762900976290098,0.9947472081884138,697,17,700,26
138,linear,0.96875,0.9626556016597511,0.9748953974895398,0.9931287387319611,696,18,699,27
138,poly,0.95,0.9764868603042877,0.9232914923291492,0.990440613359414,706,55,662,17
138,rbf,0.9701388888888889,0.9640387275242047,0.9762900976290098,0.9947452791425778,697,17,700,26
139,linear,0.96875,0.9626556016597511,0.9748953974895398,0.9932676300321572,696,18,699,27
139,poly,0.95,0.9764868603042877,0.9232914923291492,0.9905100590095121,706,55,662,17
139,rbf,0.9701388888888889,0.9640387275242047,0.9762900976290098,0.9947298467758893,697,17,700,26
140,linear,0.96875,0.9626556016597511,0.9748953974895398,0.9931229515944529,696,18,699,27
140,poly,0.95,0.9764868603042877,0.9232914923291492,0.9904367552677419,706,55,662,17
140,rbf,0.9701388888888889,0.9640387275242047,0.9762900976290098,0.9947086272716927,697,17,700,26
141,linear,0.96875,0.9626556016597511,0.9748953974895398,0.9931576744195019,696,18,699,27
141,poly,0.95,0.9764868603042877,0.9232914923291492,0.9904473650198402,706,55,662,17
141,rbf,0.9701388888888889,0.9640387275242047,0.9762900976290098,0.9947472081884137,697,17,700,26
142,linear,0.96875,0.9626556016597511,0.9748953974895398,0.9932348362529443,696,18,699,27
142,poly,0.95,0.9764868603042877,0.9232914923291492,0.9905611787241676,706,55,662,17
142,rbf,0.9701388888888889,0.9640387275242047,0.9762900976290098,0.9947472081884138,697,17,700,26
143,linear,0.96875,0.9626556016597511,0.9748953974895398,0.9931171644569446,696,18,699,27
143,poly,0.95,0.9764868603042877,0.9232914923291492,0.9905351366053808,706,55,662,17
143,rbf,0.9701388888888889,0.9640387275242047,0.9762900976290098,0.9947510662800858,697,17,700,26
144,linear,0.96875,0.9626556016597511,0.9748953974895398,0.9931538163278296,696,18,699,27
144,poly,0.95,0.9764868603042877,0.9232914923291492,0.9904193938552175,706,55,662,17
144,rbf,0.9701388888888889,0.9640387275242047,0.9762900976290098,0.9947819310134629,697,17,700,26
145,linear,0.96875,0.9626556016597511,0.9748953974895398,0.9932232619779279,696,18,699,27
145,poly,0.95,0.9764868603042877,0.9232914923291492,0.9905042718720038,706,55,662,17
145,rbf,0.9701388888888889,0.9640387275242047,0.9762900976290098,0.994760711509266,697,17,700,26
146,linear,0.96875,0.9626556016597511,0.9748953974895398,0.9931750358320264,696,18,699,27
146,poly,0.95,0.9764868603042877,0.9232914923291492,0.9904300036073157,706,55,662,17
146,rbf,0.9701388888888889,0.9640387275242047,0.9762900976290098,0.9947414210509056,697,17,700,26
147,linear,0.96875,0.9626556016597511,0.9748953974895398,0.9931653906028461,696,18,699,27
147,poly,0.95,0.9764868603042877,0.9232914923291492,0.9904570102490204,706,55,662,17
147,rbf,0.9701388888888889,0.9640387275242047,0.9762900976290098,0.9947259886842171,697,17,700,26
148,linear,0.96875,0.9626556016597511,0.9748953974895398,0.9932271200696,696,18,699,27
148,poly,0.95,0.9764868603042877,0.9232914923291492,0.9903798484155782,706,55,662,17
148,rbf,0.9701388888888889,0.9640387275242047,0.9762900976290098,0.9947935052884793,697,17,700,26
149,linear,0.96875,0.9626556016597511,0.9748953974895398,0.9931557453736659,696,18,699,27
149,poly,0.95,0.9764868603042877,0.9232914923291492,0.9903065446738079,706,55,662,17
149,rbf,0.9701388888888889,0.9640387275242047,0.9762900976290098,0.9947626405551022,697,17,700,26
150,linear,0.96875,0.9626556016597511,0.9748953974895398,0.9932194038862557,696,18,699,27
150,poly,0.95,0.9764868603042877,0.9232914923291492,0.9905737175221021,706,55,662,17
150,rbf,0.9701388888888889,0.9640387275242047,0.9762900976290098,0.9947394920050695,697,17,700,26
151,linear,0.96875,0.9626556016597511,0.9748953974895398,0.9931731067861903,696,18,699,27
151,poly,0.95,0.9764868603042877,0.9232914923291492,0.9903692386634798,706,55,662,17
151,rbf,0.9701388888888889,0.9640387275242047,0.9762900976290098,0.9947645696009383,697,17,700,26
152,linear,0.96875,0.9626556016597511,0.9748953974895398,0.9931538163278297,696,18,699,27
152,poly,0.95,0.9764868603042877,0.9232914923291492,0.9905177751928564,706,55,662,17
152,rbf,0.9701388888888889,0.9640387275242047,0.9762900976290098,0.9947317758217253,697,17,700,26
153,linear,0.96875,0.9626556016597511,0.9748953974895398,0.9931576744195019,696,18,699,27
153,poly,0.95,0.9764868603042877,0.9232914923291492,0.9905206687616105,706,55,662,17
153,rbf,0.9701388888888889,0.9640387275242047,0.9762900976290098,0.9946681173091354,697,17,700,26
154,linear,0.96875,0.9626556016597511,0.9748953974895398,0.9930920868610759,696,18,699,27
154,poly,0.95,0.9764868603042877,0.9232914923291492,0.9904116776718731,706,55,662,17
154,rbf,0.9701388888888889,0.9640387275242047,0.9762900976290098,0.9947857891051349,697,17,700,26
155,linear,0.96875,0.9626556016597511,0.9748953974895398,0.9932290491154361,696,18,699,27
155,poly,0.95,0.9764868603042877,0.9232914923291492,0.990474371661545,706,55,662,17
155,rbf,0.9701388888888889,0.9640387275242047,0.9762900976290098,0.9947645696009383,697,17,700,26
156,linear,0.96875,0.9626556016597511,0.9748953974895398,0.9932097586570755,696,18,699,27
156,poly,0.95,0.9764868603042877,0.9232914923291492,0.990509094486594,706,55,662,17
156,rbf,0.9701388888888889,0.9640387275242047,0.9762900976290098,0.9948262990676922,697,17,700,26
157,linear,0.96875,0.9626556016597511,0.9748953974895398,0.9931846810612068,696,18,699,27
157,poly,0.95,0.9764868603042877,0.9232914923291492,0.9904599038177746,706,55,662,17
157,rbf,0.9701388888888889,0.9640387275242047,0.9762900976290098,0.9947935052884791,697,17,700,26
158,linear,0.96875,0.9626556016597511,0.9748953974895398,0.9932020424737312,696,18,699,27
158,poly,0.95,0.9764868603042877,0.9232914923291492,0.9903779193697422,706,55,662,17
158,rbf,0.9701388888888889,0.9640387275242047,0.9762900976290098,0.9947587824634301,697,17,700,26
159,linear,0.96875,0.9626556016597511,0.9748953974895398,0.9932155457945837,696,18,699,27
159,poly,0.95,0.9764868603042877,0.9232914923291492,0.9903759903239061,706,55,662,17
159,rbf,0.9701388888888889,0.9640387275242047,0.9762900976290098,0.9947086272716927,697,17,700,26
160,linear,0.96875,0.9626556016597511,0.9748953974895398,0.993157674419502,696,18,699,27
160,poly,0.95,0.9764868603042877,0.9232914923291492,0.990275679940431,706,55,662,17
160,rbf,0.9701388888888889,0.9640387275242047,0.9762900976290098,0.9947857891051349,697,17,700,26
161,linear,0.96875,0.9626556016597511,0.9748953974895398,0.9931557453736659,696,18,699,27
161,poly,0.95,0.9764868603042877,0.9232914923291492,0.9905862563200364,706,55,662,17
161,rbf,0.9701388888888889,0.9640387275242047,0.9762900976290098,0.9947761438759547,697,17,700,26
162,linear,0.96875,0.9626556016597511,0.9748953974895398,0.9931055901819283,696,18,699,27
162,poly,0.95,0.9764868603042877,0.9232914923291492,0.9905399592199711,706,55,662,17
162,rbf,0.9701388888888889,0.9640387275242047,0.9762900976290098,0.9947915762426431,697,17,700,26
163,linear,0.96875,0.9626556016597511,0.9748953974895398,0.9932637719404851,696,18,699,27
163,poly,0.95,0.9764868603042877,0.9232914923291492,0.9905100590095121,706,55,662,17
163,rbf,0.9701388888888889,0.9640387275242047,0.9762900976290098,0.9948205119301838,697,17,700,26
164,linear,0.96875,0.9626556016597511,0.9748953974895398,0.9931885391528787,696,18,699,27
164,poly,0.95,0.9764868603042877,0.9232914923291492,0.9904955911657416,706,55,662,17
164,rbf,0.9701388888888889,0.9640387275242047,0.9762900976290098,0.994658472079955,697,17,700,26
165,linear,0.96875,0.9626556016597511,0.9748953974895398,0.9931943262903871,696,18,699,27
165,poly,0.95,0.9764868603042877,0.9232914923291492,0.9904521876344304,706,55,662,17
165,rbf,0.9701388888888889,0.9640387275242047,0.9762900976290098,0.9947645696009382,697,17,700,26
166,linear,0.96875,0.9626556016597511,0.9748953974895398,0.9931287387319611,696,18,699,27
166,poly,0.95,0.9764868603042877,0.9232914923291492,0.9903769548468242,706,55,662,17
166,rbf,0.9701388888888889,0.9640387275242047,0.9762900976290098,0.9947607115092663,697,17,700,26
167,linear,0.96875,0.9626556016597511,0.9748953974895398,0.9931808229695346,696,18,699,27
167,poly,0.95,0.9764868603042877,0.9232914923291492,0.990406855057283,706,55,662,17
167,rbf,0.9701388888888889,0.9640387275242047,0.9762900976290098,0.994725988684217,697,17,700,26
168,linear,0.96875,0.9626556016597511,0.9748953974895398,0.9931325968236332,696,18,699,27
168,poly,0.95,0.9764868603042877,0.9232914923291492,0.990407819580201,706,55,662,17
168,rbf,0.9701388888888889,0.9640387275242047,0.9762900976290098,0.9948243700218562,697,17,700,26
169,linear,0.96875,0.9626556016597511,0.9748953974895398,0.9932097586570756,696,18,699,27
169,poly,0.95,0.9764868603042877,0.9232914923291492,0.9904984847344958,706,55,662,17
169,rbf,0.9701388888888889,0.9640387275242047,0.9762900976290098,0.9947703567384465,697,17,700,26
170,linear,0.96875,0.9626556016597511,0.9748953974895398,0.9931268096861249,696,18,699,27
170,poly,0.95,0.9764868603042877,0.9232914923291492,0.9904753361844632,706,55,662,17
170,rbf,0.9701388888888889,0.9640387275242047,0.9762900976290098,0.994791576242643,697,17,700,26
171,linear,0.96875,0.9626556016597511,0.9748953974895398,0.9932329072071082,696,18,699,27
171,poly,0.95,0.9764868603042877,0.9232914923291492,0.9904280745614795,706,55,662,17
171,rbf,0.9701388888888889,0.9640387275242047,0.9762900976290098,0.9946989820425124,697,17,700,26
172,linear,0.96875,0.9626556016597511,0.9748953974895398,0.9932194038862558,696,18,699,27
172,poly,0.95,0.9764868603042877,0.9232914923291492,0.9903711677093159,706,55,662,17
172,rbf,0.9701388888888889,0.9640387275242047,0.9762900976290098,0.9947800019676267,697,17,700,26
173,linear,0.96875,0.9626556016597511,0.9748953974895398,0.993194326290387,696,18,699,27
173,poly,0.95,0.9764868603042877,0.9232914923291492,0.9904878749823973,706,55,662,17
173,rbf,0.9701388888888889,0.9640387275242047,0.9762900976290098,0.994826299067692,697,17,700,26
174,linear,0.96875,0.9626556016597511,0.9748953974895398,0.9932792043071736,696,18,699,27
174,poly,0.95,0.9764868603042877,0.9232914923291492,0.9906190500992493,706,55,662,17
174,rbf,0.9701388888888889,0.9640387275242047,0.9762900976290098,0.9947356339133975,697,17,700,26
175,linear,0.96875,0.9626556016597511,0.9748953974895398,0.9931461001444856,696,18,699,27
175,poly,0.95,0.9764868603042877,0.9232914923291492,0.990540923742889,706,55,662,17
175,rbf,0.9701388888888889,0.9640387275242047,0.9762900976290098,0.994752995325922,697,17,700,26
176,linear,0.96875,0.9626556016597511,0.9748953974895398,0.9932020424737312,696,18,699,27
176,poly,0.95,0.9764868603042877,0.9232914923291492,0.9904280745614795,706,55,662,17
176,rbf,0.9701388888888889,0.9640387275242047,0.9762900976290098,0.9947375629592334,697,17,700,26
177,linear,0.96875,0.9626556016597511,0.9748953974895398,0.9931731067861904,696,18,699,27
177,poly,0.95,0.9764868603042877,0.9232914923291492,0.9905322430366268,706,55,662,17
177,rbf,0.9701388888888889,0.9640387275242047,0.9762900976290098,0.9946584720799551,697,17,700,26
178,linear,0.96875,0.9626556016597511,0.9748953974895398,0.9932261555466819,696,18,699,27
178,poly,0.95,0.9764868603042877,0.9232914923291492,0.9904830523678072,706,55,662,17
178,rbf,0.9701388888888889,0.9640387275242047,0.9762900976290098,0.9947491372342498,697,17,700,26
179,linear,0.96875,0.9626556016597511,0.9748953974895398,0.9931538163278297,696,18,699,27
179,poly,0.95,0.9764868603042877,0.9232914923291492,0.9904579747719386,706,55,662,17
179,rbf,0.9701388888888889,0.9640387275242047,0.9762900976290098,0.994787718150971,697,17,700,26
180,linear,0.96875,0.9626556016597511,0.9748953974895398,0.9931731067861904,696,18,699,27
180,poly,0.95,0.9764868603042877,0.9232914923291492,0.990603617732561,706,55,662,17
180,rbf,0.9701388888888889,0.9640387275242047,0.9762900976290098,0.9948050795634957,697,17,700,26
181,linear,0.96875,0.9626556016597511,0.9748953974895398,0.9931904681987148,696,18,699,27
181,poly,0.95,0.9764868603042877,0.9232914923291492,0.9904049260114469,706,55,662,17
181,rbf,0.9701388888888889,0.9640387275242047,0.9762900976290098,0.9947857891051349,697,17,700,26
182,linear,0.96875,0.9626556016597511,0.9748953974895398,0.9931461001444855,696,18,699,27
182,poly,0.95,0.9764868603042877,0.9232914923291492,0.9906074758242329,706,55,662,17
182,rbf,0.9701388888888889,0.9640387275242047,0.9762900976290098,0.9947472081884137,697,17,700,26
183,linear,0.96875,0.9626556016597511,0.9748953974895398,0.9931383839611414,696,18,699,27
183,poly,0.95,0.9764868603042877,0.9232914923291492,0.9904338616989877,706,55,662,17
183,rbf,0.9701388888888889,0.9640387275242047,0.9762900976290098,0.9947317758217253,697,17,700,26
184,linear,0.96875,0.9626556016597511,0.9748953974895398,0.9931769648778626,696,18,699,27
184,poly,0.95,0.9764868603042877,0.9232914923291492,0.9904020324426928,706,55,662,17
184,rbf,0.9701388888888889,0.9640387275242047,0.9762900976290098,0.9947838600592989,697,17,700,26
185,linear,0.96875,0.9626556016597511,0.9748953974895398,0.993126809686125,696,18,699,27
185,poly,0.95,0.9764868603042877,0.9232914923291492,0.9905823982283642,706,55,662,17
185,rbf,0.9701388888888889,0.9640387275242047,0.9762900976290098,0.9947394920050695,697,17,700,26
186,linear,0.96875,0.9626556016597511,0.9748953974895398,0.9931808229695346,696,18,699,27
186,poly,0.95,0.9764868603042877,0.9232914923291492,0.9904772652302991,706,55,662,17
186,rbf,0.9701388888888889,0.9640387275242047,0.9762900976290098,0.9947703567384465,697,17,700,26
187,linear,0.96875,0.9626556016597511,0.9748953974895398,0.9931557453736658,696,18,699,27
187,poly,0.95,0.9764868603042877,0.9232914923291492,0.9904637619094465,706,55,662,17
187,rbf,0.9701388888888889,0.9640387275242047,0.9762900976290098,0.994725988684217,697,17,700,26
188,linear,0.96875,0.9626556016597511,0.9748953974895398,0.9931576744195019,696,18,699,27
188,poly,0.95,0.9764868603042877,0.9232914923291492,0.9903644160488897,706,55,662,17
188,rbf,0.9701388888888889,0.9640387275242047,0.9762900976290098,0.9948166538385119,697,17,700,26
189,linear,0.96875,0.9626556016597511,0.9748953974895398,0.9931673196486821,696,18,699,27
189,poly,0.95,0.9764868603042877,0.9232914923291492,0.9904869104594796,706,55,662,17
189,rbf,0.9701388888888889,0.9640387275242047,0.9762900976290098,0.9947028401341845,697,17,700,26
190,linear,0.96875,0.9626556016597511,0.9748953974895398,0.993230978161272,696,18,699,27
190,poly,0.95,0.9764868603042877,0.9232914923291492,0.9904521876344304,706,55,662,17
190,rbf,0.9701388888888889,0.9640387275242047,0.9762900976290098,0.9947761438759546,697,17,700,26
191,linear,0.96875,0.9626556016597511,0.9748953974895398,0.9931345258694692,696,18,699,27
191,poly,0.95,0.9764868603042877,0.9232914923291492,0.990409748626037,706,55,662,17
191,rbf,0.9701388888888889,0.9640387275242047,0.9762900976290098,0.9947607115092663,697,17,700,26
192,linear,0.96875,0.9626556016597511,0.9748953974895398,0.9931673196486821,696,18,699,27
192,poly,0.95,0.9764868603042877,0.9232914923291492,0.9905177751928564,706,55,662,17
192,rbf,0.9701388888888889,0.9640387275242047,0.9762900976290098,0.9947356339133975,697,17,700,26
193,linear,0.96875,0.9626556016597511,0.9748953974895398,0.9931750358320264,696,18,699,27
193,poly,0.95,0.9764868603042877,0.9232914923291492,0.9904203583781355,706,55,662,17
193,rbf,0.9701388888888889,0.9640387275242047,0.9762900976290098,0.9947819310134628,697,17,700,26
194,linear,0.96875,0.9626556016597511,0.9748953974895398,0.9931113773194364,696,18,699,27
194,poly,0.95,0.9764868603042877,0.9232914923291492,0.9904512231115123,706,55,662,17
194,rbf,0.9701388888888889,0.9640387275242047,0.9762900976290098,0.9947780729217908,697,17,700,26
195,linear,0.96875,0.9626556016597511,0.9748953974895398,0.9930940159069119,696,18,699,27
195,poly,0.95,0.9764868603042877,0.9232914923291492,0.9905187397157744,706,55,662,17
195,rbf,0.9701388888888889,0.9640387275242047,0.9762900976290098,0.9946507558966108,697,17,700,26
196,linear,0.96875,0.9626556016597511,0.9748953974895398,0.9930592930818629,696,18,699,27
196,poly,0.95,0.9764868603042877,0.9232914923291492,0.9903904581676765,706,55,662,17
196,rbf,0.9701388888888889,0.9640387275242047,0.9762900976290098,0.9947800019676268,697,17,700,26
197,linear,0.96875,0.9626556016597511,0.9748953974895398,0.9931885391528787,696,18,699,27
197,poly,0.95,0.9764868603042877,0.9232914923291492,0.9905650368158397,706,55,662,17
197,rbf,0.9701388888888889,0.9640387275242047,0.9762900976290098,0.9947992924259874,697,17,700,26
198,linear,0.96875,0.9626556016597511,0.9748953974895398,0.9931673196486821,696,18,699,27
198,poly,0.95,0.9764868603042877,0.9232914923291492,0.9903557353426276,706,55,662,17
198,rbf,0.9701388888888889,0.9640387275242047,0.9762900976290098,0.994760711509266,697,17,700,26
199,linear,0.96875,0.9626556016597511,0.9748953974895398,0.9931210225486168,696,18,699,27
199,poly,0.95,0.9764868603042877,0.9232914923291492,0.9903952807822667,706,55,662,17
199,rbf,0.9701388888888889,0.9640387275242047,0.9762900976290098,0.9947607115092663,697,17,700,26
200,linear,0.96875,0.9626556016597511,0.9748953974895398,0.9931557453736659,696,18,699,27
200,poly,0.95,0.9764868603042877,0.9232914923291492,0.9905168106699384,706,55,662,17
200,rbf,0.9701388888888889,0.9640387275242047,0.9762900976290098,0.994760711509266,697,17,700,26
